"id","title"
"7889163714623","Viareline Salicylic Acid Cleanser Gently Cleanses Face, Refreshing Oil Control, Delicate Pores, Moisturizing And Brightening"
"7889466720319","Face Brightening Serum, Lighten Dark Spots Moisturizing And Repairing Fine Lines Brightening Serum"
"7889479335999","Vitamin C Serum, Firming Hydrating Whitening And Anti-Wrinkle Serum"
"7890221400127","Viareline Vitamin C Deep Cleansing Mud Mask Gently Cleans, Hydrates And Moisturizes Facial Skin"
"7890222776383","EELHOE Kojic Acid Whitening Facial Essence, Facial Firming And Nourishing Skin Care Moisturizes Skin And Lightens Fine Lines And Spots"
"7890232213567","Aloe Vera Firming Moisturizer, Gentle Moisturizing Facial Skin Glow Moisturizing Cream"
"7890236538943","EELHOE Cherry Crystal Lip Mask Hydrates And Moisturizes Lips, Removes Dead Skin Without Greasy And Reduces Lip Lines"
"7890236768319","OUHOE Facial Skin Care Stick Repair, Tender, Firming, Brightening, Hydrating And Moisturizing Facial Skin Moisturizing And Beauty Stick"
"7890248958015","Hoegoa Leave-In Dry Hair Spray Supplement Is Effective At Cleaning And Keeping Hair Fresh And Repaired"
"7890250170431","WoodSleep Sunflower Magnesium Oil Spray supplements with magnesium to soothe the body, nourish sleep and boost vitality"
"7890250235967","Googeer Lung Clearing Drops, Dietary Supplements Lower Body Treatments"
"7890250268735","Googeer Dense Hair Dietary Supplement Drops Nourishes Roots, Prevents Breakouts And Strengthens Hair Care Supplements"
"7890821054527","Phú Sĩ 蛋糕｜越南特色千層蛋糕（Bánh nghìn lớp）｜9 Sạch 品牌認證・新鮮製作・品質保證"
"7892055359551","喜歡榴槤的濃郁香氣嗎？這款 榴槤香蘭葉千層蛋糕（12cm / 400g），將榴槤果肉的香甜與香蘭葉的清新完美融合，口感細緻又不膩口。  由越南 Phú Sĩ 品牌「9 Sạch」工廠 嚴格製作，安心又美味。小巧 12 公分尺寸，剛好適合下午茶點心、甜蜜分享，或當作小型慶祝蛋糕。  🎂 每一口都是天然果香與綿密蛋皮的幸福結合，送禮自用都超合適！"
"7892175323199","🍠 Phú Sĩ 芋頭千層蛋糕 🥭 口感綿密Q彈，結合芋頭香氣與新鮮榴槤內餡，原汁原味的 9 Sạch 特產。 提供三種尺寸 🎂：12cm、16cm、24cm，滿足不同需求 💛。"
"7892202684479","Phú Sĩ 芝士竹炭榴槤蛋糕 🥭🖤｜9 Sạch 特產"
"7892224016447","🌟巧克力杏仁榴槤千層蛋糕｜Phú Sĩ 9 Sạch 出品"
"7892271005759","🌿 Phú Sĩ 千層蛋糕｜香蘭葉清香 🎂 9 Sạch 出品"
